id,service_id,residence_id,date
1,8,1845,1987-03-25
2,5,4268,2022-04-01
3,10,728,1987-05-23
4,8,3195,2017-02-25
5,10,3812,2004-05-06
6,4,2158,1993-12-25
7,7,2879,2018-11-03
8,10,2619,1982-07-28
9,2,4256,2006-09-24
10,4,64,1978-04-28
11,6,2050,2009-07-30
12,6,3561,2016-05-30
13,4,3784,1970-02-21
14,5,2610,1971-06-14
15,10,2246,2014-10-06
16,6,2577,1980-03-21
17,1,832,1983-10-24
18,1,3821,2017-08-11
19,5,3883,1990-12-10
20,7,550,1976-05-06
21,8,4566,1971-09-20
22,5,1440,2017-04-27
23,5,4703,1988-02-12
24,2,3254,1984-02-19
25,5,4863,1991-01-24
26,10,115,1994-07-26
27,9,2067,2012-07-22
28,3,4406,1984-12-06
29,9,4936,1991-07-06
30,9,3859,2011-11-08
31,6,3895,2017-09-10
32,1,4182,1979-02-22
33,8,2998,2014-12-07
34,10,4638,1994-04-02
35,8,1479,2006-01-27
36,3,4830,1984-10-27
37,9,441,2003-05-07
38,5,994,2007-10-28
39,2,1879,1987-03-01
40,8,3355,2000-12-21
41,5,3507,2003-10-20
42,5,2589,2022-03-25
43,7,1600,2020-01-07
44,3,4349,2005-09-09
45,5,45,2019-12-11
46,2,2740,2015-05-24
47,4,1801,2021-07-26
48,10,4343,1970-08-04
49,10,1135,1989-02-14
50,4,2304,1983-04-03
51,3,112,1995-07-18
52,2,2972,1973-06-30
53,6,2421,1980-12-16
54,2,2314,1997-02-03
55,10,4475,2007-10-03
56,9,4339,2011-08-02
57,3,1296,1970-02-19
58,3,1663,1970-07-29
59,10,2955,1991-11-01
60,2,3792,1980-03-21
61,10,2235,1979-05-21
62,6,4757,1976-09-27
63,5,1905,1972-08-15
64,5,2464,2013-06-02
65,7,4121,2022-11-26
66,7,3117,1979-09-08
67,10,3355,2003-05-22
68,6,767,1985-07-01
69,2,3277,1998-04-15
70,7,342,2018-11-17
71,3,876,2022-08-11
72,8,2401,1985-11-14
73,10,2397,1984-10-15
74,4,1779,2007-12-24
75,8,582,2020-09-04
76,7,3674,2022-01-30
77,4,2714,1997-01-18
78,9,190,1996-03-26
79,8,418,2001-04-21
80,4,1735,2018-12-19
81,5,1374,1998-03-31
82,9,2618,1984-03-11
83,10,1844,1986-03-14
84,5,1278,1988-04-24
85,3,3385,2007-02-08
86,10,630,1993-05-02
87,6,1025,2011-07-25
88,7,1725,1993-02-03
89,2,1859,2018-08-03
90,1,2523,2002-12-29
91,10,3379,2012-09-15
92,9,4492,1976-11-04
93,2,592,2008-09-21
94,3,4193,2002-10-16
95,1,535,1984-03-13
96,10,3645,2008-10-02
97,5,2859,1983-10-26
98,9,4055,2021-10-29
99,2,2784,1972-12-25
100,1,4223,1985-06-10
101,8,689,2005-10-04
102,2,2485,1975-12-27
103,6,2451,1977-10-08
104,1,2211,2006-10-23
105,2,531,2016-01-06
106,7,796,2005-06-15
107,2,3100,1978-08-31
108,3,1252,1990-08-22
109,8,3302,1978-06-20
110,2,4026,1979-10-18
111,10,2053,2018-05-21
112,4,1099,1986-07-19
113,1,1723,1999-10-18
114,1,2029,2020-05-17
115,6,3379,2005-03-10
116,8,1860,2003-06-08
117,4,312,1987-04-11
118,1,553,2004-02-02
119,9,148,2022-07-08
120,3,4752,2008-04-30
121,10,4537,2005-03-28
122,4,1913,1986-11-29
123,8,4981,2019-04-14
124,7,163,2019-04-08
125,6,4231,1985-01-01
126,6,4375,2001-01-26
127,3,4861,1981-02-21
128,3,2819,1987-01-31
129,1,2940,2019-06-16
130,3,3839,1980-08-30
131,1,3121,2014-02-24
132,7,3316,2011-02-20
133,4,2078,2015-10-09
134,1,3745,1975-04-24
135,1,3096,2010-05-12
136,2,4064,2023-02-04
137,4,2734,1993-09-19
138,6,2681,1984-11-22
139,4,2465,1999-08-20
140,1,3581,1985-07-13
141,9,2534,1971-03-01
142,1,950,1996-10-26
143,9,1310,2012-12-17
144,9,3205,1986-07-13
145,10,2020,2002-02-09
146,10,3632,1980-07-18
147,10,386,1995-01-28
148,6,982,1974-01-26
149,3,4122,1980-10-28
150,9,2681,1971-09-08
151,6,4458,1973-06-25
152,1,4870,2013-04-08
153,7,782,2005-01-20
154,8,2659,1974-11-23
155,5,2759,2018-08-18
156,2,906,2005-07-08
157,8,4265,1976-02-28
158,6,1433,1993-06-19
159,3,2133,1984-12-04
160,2,4877,2014-01-12
161,10,2670,2004-11-04
162,7,2546,2011-08-22
163,5,4794,2012-07-28
164,8,2614,2006-04-09
165,3,823,1978-01-09
166,1,1076,1992-10-21
167,1,481,1975-01-05
168,6,2188,1996-12-28
169,10,1508,2013-06-30
170,9,2500,1972-12-31
171,8,3107,2006-10-08
172,10,2655,1978-12-17
173,5,1647,1999-08-18
174,8,4546,2017-02-26
175,8,301,2012-03-15
176,5,3001,1997-09-05
177,1,858,2013-10-26
178,9,4238,1989-05-05
179,4,2708,2010-08-29
180,4,607,1997-06-26
181,1,171,2022-01-31
182,3,2383,1998-08-19
183,3,1923,2018-11-19
184,10,705,1992-02-16
185,6,4826,2022-06-16
186,10,1417,2013-08-16
187,5,2894,1994-01-02
188,10,1322,1974-09-01
189,10,3647,1991-03-01
190,6,28,1998-07-31
191,9,3655,1972-05-31
192,1,3998,1979-12-10
193,6,1103,1971-09-21
194,3,1301,1989-06-14
195,8,3076,2012-06-18
196,9,4576,1993-06-08
197,4,4658,1991-02-02
198,1,1341,2011-07-12
199,7,4661,1996-11-25
200,9,2254,2001-05-06
201,7,700,2019-05-31
202,7,433,2011-01-01
203,4,1897,2002-07-15
204,9,1192,1991-12-28
205,5,1246,2012-07-19
206,1,2172,1999-06-11
207,3,2032,1979-02-11
208,9,2945,1986-08-09
209,2,1788,1990-05-31
210,7,3786,1986-12-02
211,10,8,1971-09-04
212,5,3617,1985-01-26
213,3,574,2009-06-08
214,10,2805,1983-07-11
215,4,4084,1997-03-06
216,9,1254,2010-09-18
217,3,4724,1974-10-03
218,6,1363,2011-04-02
219,4,1360,1985-12-15
220,1,2409,1988-07-03
221,1,2185,2014-04-11
222,2,3552,2007-02-17
223,9,2850,2016-06-16
224,7,3554,2014-12-01
225,2,2009,2008-05-11
226,10,1002,1996-11-07
227,5,1569,1970-06-08
228,2,4215,2002-02-03
229,1,2306,1999-09-17
230,3,2777,2010-04-24
231,2,1730,1977-05-07
232,5,1640,1984-08-02
233,3,829,2017-07-17
234,9,3791,1988-12-23
235,2,2700,2000-04-03
236,8,1863,2007-03-02
237,3,67,1970-09-15
238,9,4757,2008-12-22
239,4,1330,2014-12-10
240,6,1426,1994-09-06
241,7,2928,1983-03-10
242,10,2042,1994-12-27
243,9,1487,1975-08-22
244,8,4374,1991-03-29
245,1,3556,1993-01-15
246,10,1371,2008-01-02
247,10,907,1998-05-07
248,7,4123,1985-12-17
249,4,268,2000-01-28
250,6,3069,1984-06-22
251,3,4399,2015-11-02
252,4,2526,1970-07-26
253,5,3908,2005-04-09
254,6,458,1976-10-10
255,3,1968,2023-01-28
256,2,817,1974-10-19
257,2,1746,1982-01-15
258,5,993,2019-05-11
259,4,694,2020-02-26
260,7,4980,2017-06-23
261,7,1094,1980-03-17
262,2,580,2018-05-13
263,9,4848,2001-07-04
264,8,2382,1997-05-22
265,4,2061,2016-04-01
266,4,308,2020-01-11
267,9,208,1994-09-30
268,4,3932,1984-01-20
269,4,1409,2001-04-02
270,1,2339,1970-05-23
271,8,4565,2015-02-21
272,8,1398,2005-09-30
273,9,1682,2015-03-31
274,9,1774,1983-03-06
275,4,853,2007-02-11
276,8,79,1989-12-18
277,7,3969,1976-10-23
278,10,279,1980-10-04
279,3,32,1995-04-10
280,8,1221,1991-11-26
281,2,4746,1989-11-19
282,10,365,2014-11-29
283,10,919,1989-06-15
284,4,3314,2018-06-16
285,2,4183,2015-04-24
286,5,1892,2022-02-19
287,4,354,2019-11-25
288,5,3742,1973-12-29
289,4,2328,1987-02-11
290,10,1064,1989-10-01
291,3,1237,1978-06-18
292,10,2227,1989-11-09
293,9,3280,2017-10-26
294,3,4515,1975-04-17
295,6,1253,1989-10-29
296,10,3923,1999-11-07
297,6,4388,2012-05-08
298,3,1561,2010-04-13
299,4,2417,1983-08-30
300,10,1690,1972-01-29
301,10,4772,1988-02-29
302,5,2450,2002-06-13
303,3,107,1984-09-28
304,6,4814,1976-05-17
305,7,4353,2008-07-01
306,2,4297,1988-07-18
307,9,1213,1980-09-22
308,6,3983,2019-12-29
309,6,423,2019-01-18
310,9,2417,1999-03-02
311,5,825,1989-02-06
312,7,4046,2014-02-25
313,1,1498,2023-02-07
314,5,3367,1995-07-26
315,1,1006,1997-02-07
316,9,1909,1997-12-18
317,4,738,1974-12-10
318,2,3798,1984-01-05
319,2,2118,2003-09-26
320,9,854,2000-06-08
321,4,4335,2022-12-17
322,5,2105,2004-05-05
323,1,171,2000-06-24
324,3,2588,2023-03-05
325,10,3956,2007-02-19
326,1,1269,2008-08-01
327,4,1799,2006-07-19
328,5,2600,1987-04-22
329,6,792,1997-02-04
330,1,2005,1971-11-04
331,8,576,2010-11-21
332,6,3127,1971-05-08
333,6,2014,2008-02-03
334,8,3450,2019-09-06
335,2,3366,1974-03-16
336,2,3631,1988-06-21
337,9,247,1995-09-03
338,8,4287,1986-08-08
339,6,1005,2003-04-10
340,9,1919,2013-06-21
341,2,441,1976-02-22
342,3,1830,1998-12-23
343,5,4657,1988-04-24
344,6,3350,1972-06-20
345,8,1848,1976-11-25
346,3,2885,2002-01-29
347,10,438,1977-01-03
348,1,1898,2004-05-29
349,4,1729,1993-06-17
350,6,3638,2018-03-18
351,2,568,2009-05-24
352,3,1858,1982-11-20
353,2,4391,1980-07-19
354,5,780,2011-06-07
355,10,3073,1998-03-27
356,10,241,1974-09-28
357,8,1545,2022-06-04
358,7,1327,1994-02-07
359,7,1386,2016-06-06
360,7,2363,2011-11-16
361,10,2626,1984-05-28
362,3,3668,2006-03-11
363,6,2521,1973-06-04
364,9,3375,1972-02-03
365,9,3328,1985-11-16
366,9,1379,1982-08-15
367,10,4985,1982-02-01
368,2,1267,1999-08-21
369,10,4001,1991-03-16
370,3,3239,2022-01-20
371,2,306,2013-04-09
372,9,1929,1973-10-08
373,9,734,2022-02-22
374,2,1547,2015-08-02
375,7,3593,1999-05-06
376,10,1199,2019-10-14
377,9,1388,1977-05-12
378,6,4086,1978-02-08
379,10,1755,1995-08-19
380,6,1816,1990-06-21
381,2,3100,2005-06-24
382,2,1576,1999-11-15
383,2,3599,1998-01-25
384,7,335,2020-12-19
385,7,910,1990-12-28
386,5,3485,2019-07-23
387,2,3357,1996-04-11
388,1,3600,2007-12-07
389,2,122,1987-05-24
390,4,2829,1987-07-19
391,5,1428,1989-11-10
392,4,2938,2012-12-04
393,2,4698,1988-03-26
394,8,2477,2006-02-26
395,2,748,1990-08-11
396,10,1087,1996-09-29
397,9,1130,2021-09-15
398,1,4450,2012-01-19
399,5,1901,2002-08-08
400,10,3564,1976-09-26
401,6,1104,1983-10-09
402,9,2975,1975-10-28
403,8,398,1976-11-26
404,10,4293,1978-06-30
405,5,3922,2005-11-12
406,4,4453,1997-06-23
407,5,2273,2021-09-20
408,2,1584,1999-03-03
409,6,1576,2005-02-14
410,6,4395,2020-06-11
411,8,265,1978-01-21
412,3,94,1998-03-29
413,7,857,1981-12-21
414,10,4422,1976-11-29
415,7,362,1979-03-26
416,8,3122,1972-07-21
417,3,1131,2013-05-04
418,10,3631,2016-02-04
419,8,3364,2010-12-15
420,1,625,1998-05-30
421,5,3985,2022-12-27
422,3,1594,1975-11-09
423,3,316,2021-10-08
424,8,3713,1985-03-14
425,9,2566,1988-04-27
426,4,331,2022-10-04
427,10,475,1988-10-28
428,10,4860,2018-03-19
429,7,1831,2008-05-01
430,2,1533,1994-09-28
431,1,4508,1972-10-04
432,8,3704,1975-09-13
433,1,2390,1994-02-23
434,1,2677,1990-08-12
435,3,1024,2016-08-04
436,5,3392,1993-10-24
437,5,4661,1990-11-14
438,8,3898,1971-07-21
439,5,4474,2009-09-12
440,4,1670,2008-06-26
441,6,2189,2010-10-07
442,6,1470,2002-06-18
443,10,684,1988-12-05
444,4,4533,1984-12-12
445,3,724,1977-08-28
446,7,2143,2021-03-12
447,2,2850,1976-04-12
448,5,1765,2007-05-08
449,3,3604,1980-03-02
450,5,1220,1974-01-12
451,5,4651,2006-12-21
452,8,276,2000-03-15
453,2,2562,2005-11-13
454,1,999,2008-01-17
455,9,2950,2008-05-27
456,3,801,2012-04-06
457,5,2197,1995-03-07
458,8,3680,1985-08-11
459,10,848,1973-01-11
460,9,4713,2022-10-20
461,9,1918,1983-07-01
462,2,2869,2012-10-31
463,1,507,1989-02-15
464,7,761,1999-12-05
465,9,4407,2022-01-27
466,7,3146,1985-09-19
467,7,2412,1979-04-21
468,6,704,1985-12-21
469,1,3779,2005-04-09
470,9,3991,2003-06-28
471,2,2692,2000-08-07
472,8,898,1993-02-10
473,6,1308,1984-11-13
474,6,3671,1979-05-27
475,9,682,2003-04-12
476,1,4793,1983-11-21
477,10,306,1989-09-23
478,3,1262,1976-01-21
479,9,229,1992-04-05
480,10,697,2021-06-11
481,1,359,2018-03-27
482,8,3548,1977-07-20
483,1,360,1992-05-16
484,7,3966,1992-09-15
485,3,2432,1982-03-17
486,10,1513,1987-12-26
487,8,2151,1994-06-15
488,2,4968,2020-08-23
489,4,88,1984-12-12
490,1,4603,1973-03-18
491,8,2478,1987-05-26
492,5,3657,2005-06-29
493,3,3739,1994-11-28
494,6,2227,1981-01-14
495,1,1624,2011-08-24
496,5,806,2002-03-25
497,7,4435,1993-03-25
498,7,890,1992-02-20
499,1,190,1997-12-13
500,4,691,2003-07-29
501,3,4783,1974-02-14
502,10,3878,2001-12-03
503,8,1921,1985-09-04
504,3,2266,2005-07-08
505,8,4760,1981-11-01
506,2,96,1986-09-19
507,5,378,2011-01-12
508,3,4837,1984-06-13
509,8,4429,1986-10-27
510,7,3539,1970-12-03
511,2,1219,1983-11-08
512,4,4117,1990-09-30
513,10,3236,1985-03-04
514,9,4078,1992-11-30
515,10,3947,2014-08-15
516,2,3177,2014-01-26
517,10,979,1997-02-21
518,3,2060,2014-03-24
519,3,2880,2013-11-06
520,5,4971,1976-08-11
521,1,2360,2001-10-23
522,4,520,1980-01-09
523,2,4024,1989-01-18
524,9,3297,1983-09-18
525,10,1995,2002-03-16
526,5,2985,1983-04-07
527,10,694,1993-04-10
528,8,4234,2013-05-17
529,3,4341,2006-06-17
530,4,888,1971-04-28
531,8,1871,2011-07-06
532,10,440,1970-07-18
533,10,4292,1996-09-13
534,2,2081,2003-02-27
535,2,4595,1977-08-21
536,10,4675,2015-05-16
537,10,692,2003-06-05
538,1,3219,1983-07-28
539,2,1931,1981-11-12
540,9,222,1991-08-21
541,2,3608,2013-04-03
542,2,2602,2014-01-08
543,8,4661,1981-09-09
544,2,2171,1976-08-19
545,8,1129,1986-08-05
546,1,3670,2017-12-18
547,2,3522,1989-02-28
548,6,411,1990-06-26
549,9,1086,1990-03-21
550,6,2488,1978-09-14
551,5,809,1978-08-03
552,5,921,1980-11-28
553,5,347,2015-01-05
554,8,632,1978-08-02
555,7,4367,2009-09-03
556,6,2802,1972-12-23
557,8,2672,1999-07-16
558,6,1544,1995-05-10
559,1,2842,1974-06-13
560,7,1440,1993-03-14
561,6,4286,2016-06-12
562,7,2623,2015-04-28
563,8,1331,2019-11-26
564,8,322,1977-11-24
565,2,4816,1990-07-20
566,9,1312,1984-09-12
567,2,3593,2017-10-09
568,10,2809,2004-05-13
569,9,20,1991-07-13
570,3,566,2005-04-21
571,1,3047,2012-12-22
572,3,3777,2022-03-19
573,10,1378,1995-02-17
574,7,692,2004-09-04
575,9,4299,2010-11-04
576,9,379,2015-09-25
577,5,3212,1982-09-06
578,4,2199,2016-09-27
579,8,2126,2023-01-03
580,6,4102,1973-06-10
581,9,3512,2020-01-23
582,10,498,1982-12-14
583,6,3215,1996-12-29
584,9,1308,1995-03-09
585,8,81,1976-03-12
586,4,3422,2014-12-06
587,3,2178,2011-01-19
588,3,2119,2003-09-01
589,8,4686,1994-07-23
590,3,1488,1984-09-25
591,4,1836,1983-11-26
592,9,1814,1994-12-07
593,6,848,2002-04-28
594,8,1283,1979-02-22
595,4,2986,1971-08-31
596,3,1603,2022-01-24
597,1,2796,2022-05-30
598,9,3709,1979-10-14
599,8,3957,2002-05-07
600,1,4395,1976-12-15
601,8,1103,1999-09-29
602,8,2992,1993-04-28
603,9,2462,1978-04-01
604,6,1175,1987-10-23
605,1,1724,2010-03-16
606,4,3050,1970-11-28
607,9,1964,1979-06-22
608,10,3764,1974-08-08
609,6,609,1980-01-15
610,1,846,2012-11-05
611,3,2878,1978-11-08
612,6,4918,1975-12-27
613,6,531,1998-01-27
614,6,1834,2011-12-17
615,10,2280,1984-05-27
616,3,1532,2020-06-07
617,8,1630,1979-11-18
618,9,791,1984-03-19
619,8,2689,1994-05-17
620,4,4833,1991-05-09
621,1,2913,1979-04-10
622,10,1293,1983-12-13
623,9,1478,1974-08-07
624,2,2796,1977-02-04
625,6,3583,2003-06-11
626,1,597,1981-06-21
627,5,1670,1973-09-07
628,2,55,2023-03-26
629,3,3190,2016-11-20
630,6,690,2012-07-11
631,1,2737,2022-03-15
632,5,4048,1979-06-17
633,7,3895,1978-08-11
634,3,2528,1972-11-01
635,2,2733,2013-01-21
636,2,754,1998-02-04
637,8,4785,1993-06-30
638,9,4598,1998-10-24
639,8,2908,2013-10-16
640,6,4145,2009-10-29
641,5,3820,1996-05-05
642,3,3084,2002-02-14
643,3,1323,1979-03-02
644,9,1500,1991-05-29
645,1,2918,2006-12-31
646,5,4643,2020-07-21
647,3,4230,2022-12-15
648,1,1236,1989-06-28
649,2,4574,1979-12-22
650,10,1945,2013-03-16
651,6,289,1971-12-08
652,2,612,2006-10-12
653,10,4493,1985-04-09
654,6,4757,2006-12-08
655,6,175,1986-02-14
656,7,2989,1994-04-11
657,5,357,2006-12-06
658,8,2873,1991-05-30
659,6,933,1992-09-06
660,10,4532,2013-01-06
661,3,4648,2011-06-04
662,10,869,2011-05-14
663,10,3798,1997-11-25
664,7,4908,2012-12-20
665,4,689,2010-02-15
666,3,2986,1976-03-29
667,4,3312,1973-06-03
668,3,1229,2019-05-11
669,6,3284,1975-06-01
670,2,4908,2007-02-19
671,1,3702,1973-08-20
672,7,199,1981-01-03
673,3,2381,2019-06-18
674,4,2659,2008-01-02
675,10,4256,2023-05-10
676,3,1229,1990-12-30
677,9,1714,2004-05-28
678,8,944,2005-06-16
679,8,4156,1999-07-02
680,2,1766,2002-02-08
681,4,3428,2018-10-20
682,7,2597,1973-03-22
683,7,2032,1998-12-24
684,3,4723,1985-07-20
685,7,341,2020-08-22
686,2,4111,1986-05-16
687,1,3816,1975-07-07
688,1,4624,1982-04-01
689,2,1517,1977-05-09
690,5,567,1998-11-05
691,8,602,2001-11-07
692,7,578,1986-01-17
693,8,4681,1997-04-03
694,8,4206,1979-12-29
695,5,3863,2004-03-16
696,6,435,1992-12-20
697,6,1536,2017-02-23
698,3,2795,2011-10-13
699,8,4053,1986-07-17
700,3,4128,1990-06-09
701,5,869,1970-08-04
702,3,2203,1982-06-06
703,3,3612,1972-04-05
704,10,2553,1976-03-15
705,7,4519,2014-05-17
706,3,1834,2018-09-30
707,10,2100,1989-10-12
708,9,3177,1993-01-11
709,6,68,2017-08-09
710,9,1184,2015-10-03
711,4,1498,1986-12-11
712,4,1369,2003-01-23
713,8,1209,1992-10-19
714,5,3720,2002-04-23
715,10,1898,2010-02-16
716,10,3258,1987-07-06
717,8,4262,1975-07-10
718,7,904,2013-01-29
719,3,4821,1973-02-20
720,10,2681,2007-03-07
721,5,877,2008-10-14
722,6,79,2015-10-26
723,4,2349,1987-09-19
724,6,3411,1998-01-30
725,9,253,1974-05-30
726,7,202,1985-11-26
727,2,1147,1987-01-15
728,7,333,2000-05-11
729,9,2000,2022-09-17
730,6,4119,1999-06-12
731,4,3355,1973-03-07
732,2,4113,1986-01-01
733,9,4696,2015-01-20
734,8,995,1999-09-08
735,3,4452,2022-09-21
736,10,3278,2016-05-14
737,7,4607,1974-09-06
738,9,6,2005-06-26
739,9,1571,1997-05-17
740,8,1759,1982-02-19
741,10,2569,2003-03-22
742,8,728,2013-10-04
743,3,3181,2001-05-06
744,5,1370,2000-10-30
745,5,1614,2011-04-03
746,1,158,2006-10-11
747,6,1663,1973-12-25
748,10,2022,1992-02-17
749,1,711,1978-06-26
750,4,3380,1977-05-27
751,9,973,2012-07-22
752,7,4206,1990-02-27
753,2,3603,1997-03-28
754,9,4545,1975-01-02
755,4,3914,1987-04-29
756,2,2915,2001-04-14
757,7,1868,2008-11-09
758,4,2006,2014-04-10
759,8,2833,1996-07-03
760,5,1691,2000-10-13
761,2,3694,1995-07-12
762,7,2867,1986-04-03
763,1,3865,2003-10-09
764,2,4881,2003-08-04
765,8,4175,1973-10-29
766,4,1961,1986-11-25
767,3,1163,1988-10-17
768,9,766,2021-09-26
769,4,2787,1994-12-21
770,8,464,1986-08-12
771,4,1262,1977-11-29
772,5,2978,2014-02-25
773,3,3694,1972-07-19
774,3,4154,1977-03-28
775,2,3142,1984-02-20
776,1,2194,1971-09-17
777,7,2091,1996-05-12
778,6,2538,2019-10-04
779,8,149,2012-10-01
780,6,1009,2008-09-24
781,10,1678,1993-04-23
782,3,4488,2020-10-16
783,3,1044,2012-02-27
784,8,816,1996-03-29
785,5,2594,2007-08-05
786,7,1569,1975-05-17
787,1,4875,1977-08-11
788,1,4698,1977-01-13
789,7,4459,2010-05-03
790,3,4058,2012-10-28
791,7,3793,1983-06-05
792,2,2668,1984-04-27
793,8,758,2015-03-25
794,5,3700,1985-03-23
795,8,3478,2000-02-14
796,6,3441,2002-05-25
797,6,4906,2020-03-14
798,2,2131,2018-11-06
799,4,1991,1990-06-17
800,2,4890,1988-09-06
801,8,351,1990-12-23
802,5,1735,1989-05-12
803,8,3651,2012-07-21
804,8,952,1983-10-29
805,3,1683,2006-04-05
806,5,2870,1990-08-20
807,3,3035,2015-06-16
808,3,1863,2014-06-28
809,3,1551,1995-06-25
810,4,1486,2014-07-01
811,3,2369,2020-10-16
812,10,102,2005-10-28
813,8,1491,2001-01-04
814,1,3996,2000-08-01
815,10,1271,2021-07-28
816,2,158,1971-10-13
817,5,3821,1996-04-02
818,4,2873,1992-10-06
819,4,3432,2004-05-30
820,5,3674,1998-02-14
821,8,4379,1991-10-23
822,1,4133,1984-02-08
823,7,3445,2012-05-19
824,5,1139,1976-01-02
825,6,1461,2014-09-03
826,4,951,1979-07-17
827,10,2569,1975-07-14
828,8,2092,1985-07-03
829,4,348,1990-04-03
830,10,2087,2004-10-19
831,4,686,2001-08-11
832,3,4285,1994-04-03
833,10,504,2002-06-29
834,3,2227,1973-08-28
835,10,3298,2006-03-27
836,10,566,1997-06-21
837,2,913,1998-10-01
838,3,3895,2008-04-25
839,7,2776,1990-03-06
840,2,4750,2003-12-21
841,10,3795,1970-08-31
842,3,1926,1978-01-13
843,2,1936,1977-06-17
844,10,4825,1988-09-12
845,3,2682,2018-03-14
846,2,211,2000-02-09
847,5,2570,1987-08-29
848,7,3721,1977-08-01
849,9,4022,1997-11-07
850,2,788,1987-02-11
851,4,1141,2002-09-09
852,10,2005,2022-12-22
853,6,4400,2007-06-22
854,5,2240,1988-10-05
855,6,4499,1995-09-04
856,1,2788,2007-01-07
857,10,2241,1984-02-09
858,4,4494,1979-12-03
859,4,3949,1976-09-03
860,3,3619,1997-02-08
861,9,4316,1982-04-13
862,10,2558,2001-12-20
863,4,2420,1981-02-08
864,9,4,1997-09-13
865,3,4521,1980-04-28
866,7,3088,1996-08-23
867,10,2722,2018-08-10
868,2,209,1984-01-29
869,4,1867,1979-03-29
870,9,4657,2014-09-19
871,3,387,2012-07-01
872,2,438,1973-11-10
873,7,3907,1980-08-20
874,10,544,1980-02-11
875,3,1119,2010-10-29
876,2,3663,2021-05-26
877,10,3396,1983-05-27
878,5,771,1978-06-29
879,2,595,1976-10-20
880,7,2072,2013-02-27
881,1,871,1989-06-05
882,5,522,1980-02-23
883,8,1154,1977-09-30
884,6,2393,2013-12-02
885,3,4010,1988-08-06
886,5,485,1971-02-26
887,7,3512,1992-04-06
888,7,3129,1976-01-05
889,4,229,1976-05-04
890,4,4167,2013-12-15
891,9,4837,2022-08-14
892,8,1986,1982-08-25
893,1,1467,1976-12-14
894,2,1775,1986-08-29
895,5,4649,1984-07-29
896,7,2865,1983-09-04
897,2,1054,1976-03-08
898,9,598,2013-01-04
899,5,686,1986-09-24
900,6,1831,1978-06-27
901,8,2625,2016-08-21
902,3,2542,2023-04-03
903,4,925,1970-06-17
904,7,4571,2016-04-24
905,1,1044,2000-01-03
906,7,1059,1981-09-06
907,3,2612,1995-02-13
908,2,2988,1984-11-26
909,9,1203,1978-10-22
910,7,414,1983-03-15
911,3,328,1979-05-03
912,4,891,1976-02-03
913,5,581,2022-06-13
914,7,3239,2020-08-26
915,1,4623,2016-03-03
916,2,3951,1974-11-15
917,4,3915,2021-08-03
918,8,4203,1989-09-12
919,8,350,2016-07-18
920,1,3283,1980-06-22
921,7,2303,1992-12-16
922,8,3257,1984-08-03
923,2,3072,2007-03-02
924,10,1002,1984-08-10
925,7,2178,1972-12-02
926,3,879,1980-11-04
927,5,546,1997-09-14
928,3,4005,2020-03-14
929,7,1778,1993-06-27
930,5,1559,2018-12-02
931,6,1566,2004-02-26
932,1,396,1981-01-10
933,4,2693,1995-02-19
934,6,2771,2000-08-31
935,3,3629,1999-04-20
936,5,4884,1975-03-23
937,2,1365,2003-12-18
938,8,4260,1987-08-31
939,10,2799,1981-01-20
940,2,2446,1984-05-02
941,10,3218,1993-04-27
942,8,4431,2013-11-17
943,7,4528,1977-08-04
944,3,4874,2020-08-02
945,4,2343,1993-09-30
946,8,1702,1991-08-10
947,10,3758,1976-08-30
948,7,3740,1993-11-26
949,10,2549,1977-06-14
950,4,4562,1996-04-09
951,2,2446,2012-10-30
952,6,1865,1983-03-01
953,3,1710,2015-04-08
954,5,2034,2011-06-03
955,7,507,2001-08-10
956,7,808,1997-09-22
957,6,4857,2016-07-22
958,10,743,2002-07-11
959,7,4395,1971-10-13
960,4,2514,1977-08-11
961,8,614,2006-11-17
962,10,1737,2003-08-05
963,3,3225,2008-07-19
964,7,4898,2021-01-26
965,4,414,2007-12-29
966,10,2665,1973-07-04
967,8,404,2018-12-28
968,8,1687,1979-11-13
969,1,4474,1994-01-15
970,2,996,1982-07-27
971,4,4213,2004-01-02
972,8,381,1976-02-13
973,5,4104,1998-08-06
974,4,4067,1993-09-29
975,2,3396,1970-07-13
976,5,1367,1980-09-20
977,4,1345,2023-01-04
978,4,403,2016-03-11
979,9,1035,1979-09-10
980,7,2040,2015-10-21
981,7,1875,1991-11-25
982,10,4204,1987-12-23
983,7,194,1997-11-13
984,9,2699,1999-02-11
985,7,4108,2007-03-05
986,4,3691,1993-04-23
987,7,1616,1986-06-30
988,1,4698,1999-03-19
989,8,4936,2000-05-25
990,5,924,2009-06-06
991,5,4446,2011-08-31
992,5,2523,2014-04-03
993,1,34,1997-08-23
994,9,4577,1990-06-24
995,2,2311,1985-12-10
996,5,1241,1988-02-13
997,8,291,1971-12-05
998,10,3353,2008-09-27
999,10,4908,1994-09-17
1000,10,2088,1977-06-11
1001,5,1061,1981-10-04
1002,5,1208,1998-08-05
1003,2,21,1972-11-22
1004,4,4700,2005-05-15
1005,6,1149,2021-03-04
1006,8,4847,1992-10-23
1007,1,2165,2021-12-16
1008,10,1664,1995-07-25
1009,10,1883,1974-05-30
1010,6,4534,1985-08-07
1011,7,2608,1983-06-13
1012,5,2227,2009-10-23
1013,1,424,2012-09-02
1014,8,2766,1990-11-23
1015,5,4712,2007-04-16
1016,7,4231,2001-01-16
1017,5,2315,1985-01-03
1018,2,633,1993-04-28
1019,3,2452,1990-11-10
1020,1,824,1995-04-09
1021,7,2108,1977-08-16
1022,9,1447,1972-04-09
1023,2,2717,1974-08-18
1024,9,3555,1972-09-17
1025,7,1713,2008-10-21
1026,8,3965,2015-05-31
1027,5,514,1989-06-26
1028,6,2457,2000-09-17
1029,8,4264,2000-08-27
1030,3,157,2009-01-27
1031,2,3563,1975-03-09
1032,5,4681,2001-11-05
1033,3,1839,1978-08-20
1034,9,70,1992-12-08
1035,7,891,2001-11-15
1036,4,4110,2004-09-08
1037,1,726,2020-11-11
1038,2,855,2004-01-13
1039,7,4068,1972-03-17
1040,3,1576,1986-11-21
1041,7,3902,2022-10-01
1042,5,4914,1992-09-18
1043,7,989,1972-02-27
1044,5,4147,1985-07-24
1045,3,443,1997-10-12
1046,4,1911,2010-07-02
1047,9,3233,1993-03-19
1048,6,4980,2007-12-28
1049,2,3070,1976-12-18
1050,8,1828,1988-06-22
1051,5,2081,1982-05-27
1052,6,605,2013-03-09
1053,2,963,1993-07-04
1054,1,37,1991-01-28
1055,8,3507,2000-01-25
1056,10,4824,1994-11-27
1057,8,480,1987-06-23
1058,8,3628,1999-02-13
1059,3,471,1988-02-04
1060,7,638,1994-01-08
1061,10,1929,2015-04-12
1062,5,2907,1973-09-02
1063,6,523,1974-08-12
1064,3,4417,1972-09-02
1065,3,2439,2015-07-24
1066,5,3656,2022-01-25
1067,9,3405,2013-01-04
1068,3,1134,1978-02-27
1069,9,417,2020-05-23
1070,1,4586,1991-06-12
1071,5,1719,1996-07-12
1072,5,1395,1984-01-17
1073,1,4576,2008-05-16
1074,7,3319,1974-05-06
1075,6,1867,1988-12-30
1076,5,2542,2018-02-28
1077,9,2151,1979-05-19
1078,9,1381,1994-09-25
1079,9,3478,2013-02-20
1080,10,1850,1990-08-08
1081,8,1637,1983-05-04
1082,9,3048,2003-08-17
1083,10,2524,2006-06-15
1084,10,3395,2000-03-16
1085,7,4683,2015-12-14
1086,5,1622,1983-06-05
1087,10,1747,1970-02-19
1088,7,2776,1979-03-09
1089,3,1390,2006-05-16
1090,8,4050,1977-09-15
1091,6,180,2021-09-10
1092,4,4423,1982-04-28
1093,10,4963,2006-04-01
1094,9,1920,1971-06-21
1095,7,852,1984-01-23
1096,7,535,1983-06-16
1097,10,1076,1980-07-28
1098,10,3971,2006-01-28
1099,5,2564,2009-09-16
1100,1,3341,2003-12-13
1101,9,4924,2012-05-25
1102,7,2844,1994-12-01
1103,6,1078,1971-03-05
1104,9,3195,2020-01-07
1105,2,576,2005-03-01
1106,1,2216,2016-07-01
1107,9,809,1981-05-02
1108,9,1129,1984-08-02
1109,10,2682,1978-10-16
1110,10,145,1996-10-03
1111,6,1253,1999-06-18
1112,4,4955,1997-10-14
1113,7,4488,2009-12-19
1114,4,2651,1997-09-17
1115,8,174,1999-11-16
1116,9,3831,1972-09-18
1117,4,2572,2001-10-30
1118,3,1027,2012-06-22
1119,7,2094,1982-08-23
1120,3,2163,2019-06-05
1121,5,3465,1978-12-22
1122,8,335,1997-08-09
1123,3,1007,2008-01-25
1124,4,3678,2017-04-23
1125,2,1810,2022-02-08
1126,5,730,2001-07-02
1127,4,491,1995-11-06
1128,7,720,1990-03-13
1129,7,3190,2020-06-16
1130,2,3611,1981-07-02
1131,4,3759,1997-07-21
1132,3,1606,1976-11-23
1133,7,828,1981-06-23
1134,6,4618,1977-03-02
1135,6,823,1989-06-13
1136,2,4919,1977-11-17
1137,1,920,2021-06-18
1138,8,4860,1989-05-09
1139,5,2008,1982-05-19
1140,7,3381,2013-12-08
1141,3,3235,2004-11-16
1142,5,2021,2012-10-01
1143,6,1194,2004-08-07
1144,7,4683,1999-02-13
1145,4,2791,2003-09-16
1146,2,3834,1985-07-10
1147,3,4520,1995-08-31
1148,6,4140,2003-04-15
1149,10,4639,1994-07-27
1150,8,1740,2022-07-07
1151,7,4127,2003-04-25
1152,4,574,2019-11-22
1153,7,4763,1986-11-13
1154,2,1497,2008-12-07
1155,1,3812,1977-07-17
1156,3,4188,1972-11-23
1157,8,2463,1999-07-09
1158,7,176,1985-12-08
1159,10,4771,1982-12-30
1160,6,1697,2006-11-24
1161,3,918,1992-08-02
1162,1,3493,2005-04-28
1163,4,4475,2011-03-28
1164,8,1072,2004-01-31
1165,7,4227,1979-03-26
1166,3,3392,2004-09-02
1167,5,4691,1994-05-18
1168,4,3752,1979-10-08
1169,9,4500,1989-09-12
1170,8,2703,1979-07-02
1171,5,1918,2017-09-20
1172,3,3163,1970-04-22
1173,6,3866,1981-11-20
1174,4,3769,2014-05-18
1175,1,1613,2019-01-30
1176,2,4975,1992-12-08
1177,2,4581,2016-02-22
1178,5,2472,1980-06-23
1179,4,3804,2021-03-11
1180,7,2754,1986-08-11
1181,1,4419,2016-03-22
1182,9,55,2003-09-14
1183,7,1565,1975-11-18
1184,5,4902,1978-11-18
1185,7,2842,1978-07-12
1186,4,2690,1979-10-05
1187,9,510,1993-02-08
1188,7,4226,1992-03-23
1189,8,117,1995-03-05
1190,9,3196,1985-07-28
1191,6,1944,1972-02-22
1192,4,952,1997-08-23
1193,5,446,1972-01-08
1194,4,1592,2019-03-02
1195,1,1259,1977-11-10
1196,1,279,1987-06-17
1197,4,108,2014-03-16
1198,10,4370,1973-08-13
1199,7,4956,1970-07-25
1200,4,4466,1970-02-03
1201,2,1419,1978-12-19
1202,1,976,1971-04-07
1203,10,1545,1981-01-19
1204,8,497,2016-10-27
1205,1,332,2007-06-15
1206,2,2096,2021-03-27
1207,4,4886,1974-01-01
1208,4,1452,1997-11-30
1209,1,239,1979-11-16
1210,8,4475,1992-04-06
1211,7,2796,2014-10-16
1212,10,4154,1986-10-19
1213,7,2066,1982-01-21
1214,5,3100,1992-03-07
1215,8,4397,1974-05-30
1216,9,3516,1997-09-21
1217,10,2499,2005-12-07
1218,8,966,1981-02-06
1219,4,2723,1970-06-15
1220,10,1890,1999-04-14
1221,5,2355,1989-10-22
1222,1,1919,1985-05-27
1223,4,4373,2005-03-13
1224,8,4029,1970-09-26
1225,10,2476,2022-12-08
1226,1,1697,1977-03-21
1227,5,4187,1982-03-19
1228,6,2643,1990-11-22
1229,8,495,1988-03-25
1230,3,2483,2015-06-27
1231,3,3296,1993-02-08
1232,6,1355,2002-11-03
1233,10,236,1975-09-24
1234,4,3268,1973-12-23
1235,1,2521,1985-11-21
1236,1,2579,2013-12-08
1237,10,359,2014-06-07
1238,4,625,2015-07-05
1239,10,862,1971-07-15
1240,4,1604,1974-03-29
1241,3,4823,2015-04-01
1242,9,1426,2015-03-21
1243,3,4128,1996-03-10
1244,7,3635,1989-09-24
1245,2,1894,1979-09-14
1246,4,4833,2015-01-24
1247,5,790,1984-12-27
1248,3,2626,2013-02-15
1249,8,2330,2010-02-11
1250,10,3467,1970-04-23
1251,2,1518,2009-10-08
1252,3,1509,2021-09-11
1253,1,2751,2019-11-30
1254,1,4524,1994-11-17
1255,8,4426,1971-11-27
1256,10,2058,1992-11-09
1257,1,667,2016-04-22
1258,5,832,1979-07-15
1259,7,3463,2015-04-30
1260,8,4668,1991-04-15
1261,7,3488,1982-01-01
1262,1,546,1974-10-09
1263,4,60,1984-09-29
1264,4,1696,1983-12-27
1265,6,3743,1993-04-17
1266,8,2455,1979-02-27
1267,4,1314,2007-04-21
1268,1,1849,1991-08-24
1269,1,3641,1972-12-04
1270,1,2897,2006-04-03
1271,1,4590,2006-12-22
1272,5,875,2018-11-23
1273,9,891,1984-09-23
1274,7,4057,2013-03-04
1275,7,896,2010-05-03
1276,7,4204,1979-06-16
1277,7,1229,1998-03-17
1278,1,4473,1979-04-21
1279,1,1552,1984-09-29
1280,9,4845,1979-09-17
1281,6,4105,1989-01-27
1282,5,1974,2020-08-30
1283,7,1897,2016-12-29
1284,4,3881,1991-02-11
1285,5,160,1974-10-24
1286,9,4847,2009-08-09
1287,3,1416,1986-11-04
1288,5,1264,2001-06-23
1289,6,3292,1989-08-15
1290,1,1216,2005-05-09
1291,5,4872,1988-03-20
1292,6,3431,2004-06-28
1293,10,3355,1999-02-28
1294,6,3833,1986-12-29
1295,5,1180,1979-08-24
1296,6,1287,2006-01-25
1297,10,4642,2011-09-13
1298,10,2658,2003-02-15
1299,9,2102,1971-06-26
1300,10,1001,2022-05-09
1301,2,1653,1996-05-16
1302,1,789,1974-07-20
1303,3,463,2019-03-01
1304,7,4175,1999-08-16
1305,8,3044,2014-08-28
1306,6,4932,1986-01-01
1307,7,2178,2001-03-04
1308,7,4005,1978-02-06
1309,8,306,2006-07-08
1310,3,3978,1985-04-05
1311,7,4434,2019-10-20
1312,4,3189,1988-08-05
1313,6,1330,2007-04-01
1314,8,2445,1989-02-24
1315,4,1254,1984-05-15
1316,8,2485,1972-09-17
1317,2,2662,1996-05-20
1318,2,3204,1993-08-28
1319,2,2688,1999-10-18
1320,6,944,2022-01-30
1321,10,2410,1990-03-10
1322,5,761,1995-05-11
1323,6,3193,1984-10-23
1324,2,3603,2005-06-29
1325,7,3641,2009-09-29
1326,4,1830,1997-10-21
1327,5,2199,1996-06-15
1328,7,1559,2022-02-11
1329,6,2814,1973-10-15
1330,8,3859,1975-11-01
1331,4,3893,1987-12-28
1332,1,4686,2013-05-29
1333,4,2375,1990-10-10
1334,1,2016,2014-09-04
1335,1,14,1986-03-16
1336,10,2593,1973-05-05
1337,2,1227,2002-09-22
1338,4,3245,2019-07-05
1339,1,2442,2018-12-05
1340,5,2213,1994-07-30
1341,1,4412,1987-09-20
1342,5,2191,2023-01-07
1343,7,1123,2020-09-09
1344,1,2145,2009-01-25
1345,8,376,2020-03-31
1346,4,1203,1974-02-17
1347,7,1144,2001-09-03
1348,1,931,2006-01-03
1349,2,2672,1984-11-13
1350,10,2778,1992-03-14
1351,4,666,2003-03-07
1352,4,3600,1991-07-03
1353,5,3835,1992-11-04
1354,9,1110,2017-07-08
1355,9,2313,2023-03-24
1356,7,4273,1987-12-27
1357,9,4576,1994-05-07
1358,3,3364,1987-02-26
1359,9,3984,2017-08-26
1360,8,2074,2015-10-21
1361,10,4902,2002-03-29
1362,10,3523,2003-03-13
1363,10,3891,1983-02-26
1364,9,1225,2001-09-30
1365,1,3079,1990-09-03
1366,5,4844,2015-04-20
1367,7,3328,2012-03-19
1368,8,1772,1980-12-06
1369,3,1369,2020-10-29
1370,5,1931,1992-03-01
1371,3,1082,2018-06-03
1372,3,1038,2012-10-12
1373,8,2042,1972-05-31
1374,10,3005,2008-01-18
1375,6,2848,1989-04-02
1376,6,1184,2001-01-18
1377,10,4866,1997-06-07
1378,10,3022,2003-02-28
1379,9,1659,1971-05-28
1380,2,3883,1984-09-04
1381,6,4302,1985-11-25
1382,1,1502,2018-09-12
1383,8,2621,2003-08-08
1384,1,2976,2006-10-18
1385,8,3841,1989-01-17
1386,1,2676,1985-05-15
1387,4,3224,1985-07-13
1388,2,1425,2007-07-23
1389,10,2475,2016-01-11
1390,4,1834,1986-04-26
1391,6,196,1977-07-11
1392,8,526,2023-04-01
1393,5,3800,2023-02-17
1394,6,2855,1996-04-22
1395,10,1583,2016-05-29
1396,4,2693,2022-11-20
1397,5,2035,1989-07-24
1398,7,3234,2015-10-12
1399,5,3048,1979-01-14
1400,1,19,2015-07-21
1401,2,3147,2023-04-03
1402,6,2744,1989-01-18
1403,9,1525,1983-12-20
1404,9,1322,2006-10-04
1405,7,2284,1986-02-26
1406,5,4458,1993-12-19
1407,2,1510,1970-03-27
1408,2,4656,1974-09-01
1409,7,2674,2002-09-16
1410,4,745,2019-11-20
1411,8,3340,1973-02-11
1412,9,4294,1973-12-21
1413,4,2969,2020-01-01
1414,7,1454,2014-06-04
1415,1,4677,1993-12-25
1416,4,4265,2013-09-25
1417,4,2678,1999-08-24
1418,9,3249,1979-09-16
1419,9,4124,1974-05-22
1420,6,3039,1980-02-11
1421,7,379,2014-01-26
1422,3,2178,1971-05-07
1423,3,4944,1977-05-06
1424,2,4433,1976-11-26
1425,4,1144,2013-07-27
1426,6,4656,1992-03-07
1427,1,3637,1987-07-29
1428,7,2584,2003-04-16
1429,10,3452,2021-05-02
1430,4,2953,2016-05-22
1431,8,1315,2011-07-01
1432,5,1416,2019-03-26
1433,10,4230,1976-02-05
1434,4,1476,2003-03-18
1435,10,576,2001-12-22
1436,7,3131,1988-05-19
1437,1,3023,2022-02-04
1438,4,3210,1981-07-10
1439,5,4006,2022-08-22
1440,1,437,2014-11-22
1441,1,588,1971-03-11
1442,4,1935,2009-03-01
1443,4,967,2020-03-11
1444,6,737,2000-10-18
1445,9,908,2002-10-14
1446,10,1102,2014-06-06
1447,1,3235,1973-09-09
1448,1,2486,2006-10-17
1449,4,4157,2004-03-09
1450,3,2110,2000-05-27
1451,10,750,2004-09-14
1452,2,3216,1985-02-17
1453,5,1923,1983-03-30
1454,4,1530,1998-09-30
1455,8,3090,1980-06-14
1456,7,515,1977-11-12
1457,9,591,2006-08-03
1458,6,2418,1996-11-09
1459,2,4285,1977-06-10
1460,3,4893,2019-03-17
1461,8,1028,1987-05-31
1462,1,4380,1981-08-23
1463,1,2084,1978-11-20
1464,1,3272,1979-06-20
1465,9,967,2019-02-11
1466,9,1190,1970-12-02
1467,10,1551,1992-11-22
1468,9,4413,1977-06-14
1469,10,4775,1992-08-29
1470,10,3905,2000-05-12
1471,5,3615,1994-09-17
1472,1,4321,1989-12-15
1473,1,4416,2001-11-07
1474,7,2166,1984-03-06
1475,10,1334,2010-11-30
1476,6,85,2019-02-10
1477,6,4282,2006-12-05
1478,10,164,2019-12-09
1479,1,4240,1975-12-07
1480,6,578,2020-11-11
1481,2,3013,2007-01-02
1482,7,4091,1973-11-13
1483,6,1865,1971-11-07
1484,3,62,2020-12-01
1485,3,1661,2020-11-17
1486,9,2115,2017-05-24
1487,8,1713,1976-02-17
1488,8,4111,1986-12-17
1489,9,4057,2013-02-28
1490,10,209,1993-03-30
1491,10,2694,2013-08-31
1492,9,2707,1980-09-14
1493,2,4248,2002-10-11
1494,8,2060,1993-08-30
1495,10,2235,1995-01-14
1496,3,2488,1984-09-07
1497,1,846,2019-09-20
1498,10,3830,1979-04-22
1499,4,458,2012-05-01
1500,7,2236,2000-01-31
1501,10,1997,1997-05-11
1502,10,2377,2022-11-16
1503,9,256,2000-04-18
1504,1,2719,2014-04-24
1505,2,3524,1992-06-02
1506,2,4238,1980-05-18
1507,5,1527,1997-05-08
1508,1,4221,1987-03-17
1509,9,673,2011-12-12
1510,3,1954,2016-10-22
1511,4,4253,1988-09-20
1512,5,4402,2015-04-11
1513,7,2245,2020-01-02
1514,7,3944,1972-10-27
1515,10,1541,2001-07-05
1516,1,1559,2008-11-06
1517,6,977,1997-05-30
1518,10,2270,1976-08-08
1519,6,4233,1997-03-06
1520,6,697,2002-05-26
1521,1,1078,1978-01-10
1522,1,2796,1996-10-14
1523,5,2860,1999-05-11
1524,10,2636,2001-05-12
1525,9,4232,1974-12-18
1526,6,4518,1983-05-24
1527,7,746,1998-09-01
1528,8,470,1976-02-06
1529,8,3485,1977-02-17
1530,2,4725,1999-05-29
1531,7,364,2002-01-09
1532,5,3926,1987-05-18
1533,7,1660,1987-05-04
1534,1,1909,1983-07-15
1535,2,3128,1989-02-22
1536,4,3983,1980-06-25
1537,6,200,2006-06-23
1538,5,1282,1971-09-23
1539,2,3852,2014-01-05
1540,9,2751,1997-11-07
1541,7,597,2008-05-08
1542,2,4703,1981-03-26
1543,8,1148,1977-08-17
1544,3,320,1992-01-09
1545,2,4578,2015-09-02
1546,9,4482,1970-12-12
1547,9,4755,2001-12-09
1548,7,2670,2001-07-02
1549,2,1227,2000-01-09
1550,5,1850,2021-08-06
1551,1,3720,1974-01-19
1552,8,4964,2008-01-01
1553,9,1094,2020-10-05
1554,3,2027,1994-07-09
1555,6,4238,2021-07-09
1556,10,1523,1985-06-21
1557,8,3942,1975-07-04
1558,5,4414,2010-05-09
1559,6,492,2013-09-09
1560,4,985,1974-02-01
1561,3,3638,2013-09-18
1562,3,4969,1980-06-12
1563,4,3116,2010-08-28
1564,9,4059,1971-09-08
1565,5,4050,1996-05-07
1566,1,3859,1979-10-13
1567,6,1039,2000-05-30
1568,10,4086,1985-10-06
1569,5,4583,1978-04-21
1570,9,2270,1981-09-30
1571,2,4821,1995-09-19
1572,5,1028,1975-09-29
1573,3,234,1993-06-29
1574,5,1546,1991-07-02
1575,2,4132,1977-04-13
1576,3,3392,1996-09-22
1577,6,539,1998-06-17
1578,9,4435,1970-11-02
1579,8,518,2015-11-02
1580,7,2394,2018-04-29
1581,10,598,1975-06-19
1582,1,755,2004-01-01
1583,1,998,2012-07-19
1584,7,2703,1974-06-22
1585,8,781,2020-10-06
1586,1,3165,2013-06-30
1587,7,876,1977-02-28
1588,8,4637,2016-07-11
1589,3,1974,2000-09-12
1590,7,4381,1990-09-29
1591,7,1496,2008-06-07
1592,8,1217,1981-06-10
1593,7,1115,2010-06-03
1594,9,1692,1978-02-24
1595,3,2787,2014-08-21
1596,5,2881,1978-10-21
1597,4,4848,2015-01-24
1598,1,4706,2018-05-02
1599,1,2372,2013-05-05
1600,2,1184,2022-04-21
1601,9,2771,1978-12-09
1602,6,4578,1970-08-29
1603,2,4837,1989-07-21
1604,5,2622,2001-11-21
1605,9,428,2013-07-14
1606,4,394,2021-03-01
1607,3,4142,1982-12-16
1608,3,609,1988-04-18
1609,7,165,1987-05-29
1610,10,2737,2007-11-15
1611,8,4593,2004-08-20
1612,3,900,2009-06-22
1613,8,4656,2018-06-24
1614,7,2762,1973-01-17
1615,9,2231,1988-09-16
1616,5,4634,2013-05-11
1617,8,3070,1994-09-29
1618,9,3793,1978-02-15
1619,6,1780,1972-09-10
1620,5,1693,1998-07-01
1621,10,556,2007-04-15
1622,2,4988,1995-12-01
1623,6,2568,2007-03-20
1624,5,255,2022-12-25
1625,9,4953,1980-08-03
1626,2,4928,2022-04-30
1627,1,891,1979-02-01
1628,9,2170,1993-01-08
1629,8,2606,1989-03-03
1630,4,4289,2001-04-24
1631,3,56,2009-12-09
1632,3,3256,1971-06-23
1633,8,842,2011-12-19
1634,4,1085,1983-12-19
1635,8,1747,1999-04-19
1636,10,1761,1993-10-26
1637,5,472,1994-04-12
1638,1,481,1995-06-06
1639,3,1506,2019-04-21
1640,8,3744,2011-01-13
1641,2,4502,1996-06-09
1642,2,1828,2019-05-20
1643,6,4353,1973-05-01
1644,3,4382,1996-10-21
1645,7,4573,2019-03-10
1646,4,2771,2008-08-10
1647,4,3400,1998-05-17
1648,3,4621,1980-09-15
1649,10,793,1997-09-07
1650,6,4544,2007-03-23
1651,4,945,1996-04-08
1652,9,2703,2015-05-27
1653,1,1416,2000-10-29
1654,6,3959,1997-03-22
1655,3,4436,2004-10-02
1656,10,1009,2017-08-07
1657,4,1292,1970-05-07
1658,6,848,2002-03-17
1659,6,3569,2007-11-21
1660,6,4797,1988-11-22
1661,8,1427,1998-08-28
1662,3,2044,2006-01-20
1663,6,2516,1975-09-25
1664,2,4716,1973-08-22
1665,9,4274,1983-12-24
1666,2,984,1973-04-06
1667,8,3167,2003-06-17
1668,2,2829,2001-04-28
1669,10,56,1997-07-04
1670,2,3673,2019-07-30
1671,3,4217,1985-10-04
1672,4,2635,2007-03-09
1673,4,3614,2022-11-14
1674,5,1608,1985-01-25
1675,9,3431,1989-11-15
1676,10,15,1978-02-18
1677,6,3608,1970-08-07
1678,3,4456,2019-08-31
1679,5,2256,2014-07-17
1680,6,580,2007-11-19
1681,10,1613,1990-08-17
1682,1,944,2017-08-31
1683,9,1543,1972-10-21
1684,5,1610,2019-11-24
1685,5,4549,1982-06-02
1686,10,4178,1991-02-18
1687,1,964,2006-11-02
1688,7,4403,2006-07-27
1689,4,2834,2001-11-06
1690,6,847,2017-08-22
1691,3,3754,1972-08-31
1692,7,1902,1988-06-01
1693,2,2599,1978-02-16
1694,5,1007,2000-06-13
1695,5,3343,1970-03-05
1696,8,3443,2012-02-09
1697,8,3218,1995-09-12
1698,8,3106,1997-07-16
1699,1,4456,1988-08-28
1700,10,1888,2005-03-31
1701,2,3790,1983-10-19
1702,1,2624,1999-04-15
1703,5,4277,1981-11-21
1704,8,3502,1982-12-18
1705,2,2615,2002-02-14
1706,1,2649,1973-02-06
1707,6,3337,1989-01-16
1708,3,2606,2013-09-24
1709,7,3115,1999-06-14
1710,5,532,2018-10-31
1711,10,2498,1988-02-04
1712,3,3150,1993-08-13
1713,10,587,1976-01-07
1714,10,3331,2020-10-17
1715,6,2029,1972-12-30
1716,3,203,2012-11-05
1717,7,578,1990-01-17
1718,1,3013,1994-02-07
1719,8,617,1989-07-20
1720,9,378,1983-04-24
1721,3,3764,2006-12-03
1722,8,2648,1983-09-17
1723,10,1074,2011-03-03
1724,8,1918,1992-03-24
1725,1,3219,2004-12-25
1726,7,370,2002-07-26
1727,7,2608,1994-06-04
1728,8,3240,1987-05-05
1729,5,4248,1994-05-31
1730,5,4791,2005-09-05
1731,3,4186,2012-08-23
1732,3,2792,1981-03-27
1733,4,1937,2000-04-17
1734,7,3558,2005-12-03
1735,9,1032,1996-08-26
1736,6,1928,1993-12-12
1737,6,720,2004-08-16
1738,5,1035,2013-12-14
1739,1,13,2000-09-15
1740,2,1508,2009-11-03
1741,4,2440,2004-04-03
1742,3,3526,2020-08-13
1743,1,3945,1985-01-28
1744,7,3908,2008-10-04
1745,2,2400,1986-05-04
1746,8,657,1988-04-28
1747,10,1624,2022-08-01
1748,10,4339,1971-07-02
1749,2,3204,1984-09-10
1750,5,2427,2016-06-22
1751,1,4322,1975-11-14
1752,5,1475,2022-11-29
1753,3,1074,2013-06-13
1754,10,3293,2016-10-10
1755,4,2009,1993-01-11
1756,4,4375,1977-05-29
1757,2,2367,1976-08-20
1758,5,4992,2008-04-21
1759,5,2518,2006-10-18
1760,8,1045,1989-07-16
1761,5,2741,1990-05-09
1762,7,1892,2012-04-22
1763,3,803,1996-03-13
1764,2,1346,1991-11-26
1765,10,1182,1994-10-23
1766,9,1786,2021-10-30
1767,10,1587,1999-04-18
1768,10,4158,1982-10-16
1769,4,1654,1999-11-11
1770,3,1634,1975-10-05
1771,2,2359,1980-06-25
1772,3,3474,2001-05-24
1773,7,1409,2015-06-07
1774,7,1101,1989-01-27
1775,8,145,1988-09-09
1776,8,3504,1974-11-23
1777,2,2868,2012-01-14
1778,8,1137,1984-09-13
1779,10,2583,1975-01-17
1780,10,4579,1987-07-08
1781,10,2319,2022-11-07
1782,2,3051,1970-06-07
1783,10,4789,1989-03-23
1784,10,3738,1985-02-28
1785,1,1160,2017-05-19
1786,7,3194,2020-11-24
1787,10,1683,1980-04-02
1788,8,1469,2010-10-14
1789,7,1835,1997-03-11
1790,8,2780,1997-06-09
1791,9,1949,1996-07-05
1792,8,2910,2018-05-03
1793,10,4805,1993-04-07
1794,6,1616,2014-03-02
1795,10,1963,1994-08-19
1796,8,405,1973-07-06
1797,10,3985,1978-06-11
1798,7,1473,1985-04-06
1799,7,2853,1982-08-06
1800,6,4383,2009-06-24
1801,4,3271,2010-01-29
1802,5,984,1975-07-12
1803,10,2624,1979-11-21
1804,9,4764,1995-06-30
1805,10,965,1980-12-30
1806,4,3419,2016-10-07
1807,3,1637,2003-02-02
1808,3,2425,1974-10-18
1809,4,3082,2017-03-31
1810,7,2927,1989-04-06
1811,7,256,1973-03-27
1812,1,2116,2019-10-17
1813,1,1599,2022-05-05
1814,8,530,2002-02-15
1815,7,3374,1988-04-24
1816,5,1959,1971-02-26
1817,1,2180,1987-02-16
1818,1,4407,1998-01-16
1819,4,3955,2017-02-12
1820,5,235,2015-09-02
1821,3,4769,2009-01-30
1822,10,229,1989-07-07
1823,4,639,1998-12-19
1824,5,3214,1994-12-14
1825,9,1136,2022-09-01
1826,8,1731,2011-01-15
1827,3,2019,2014-03-26
1828,4,959,2001-05-24
1829,5,4998,1989-02-03
1830,2,940,2008-05-25
1831,1,1768,1998-01-01
1832,3,2043,1995-05-23
1833,10,828,2009-10-17
1834,2,2091,1976-09-15
1835,6,519,2019-11-14
1836,3,2385,2000-07-17
1837,4,4643,2012-07-28
1838,4,121,1971-02-01
1839,1,4808,2012-08-09
1840,2,4263,1982-06-12
1841,8,488,1999-06-16
1842,3,2837,2009-05-30
1843,6,1510,1984-06-28
1844,2,1566,1994-04-10
1845,9,2105,2013-02-18
1846,7,2958,1986-04-07
1847,5,2395,1979-11-10
1848,10,3107,1974-12-24
1849,6,2440,1993-02-05
1850,8,3875,2015-11-13
1851,4,4958,2006-04-18
1852,6,832,2009-07-08
1853,2,2518,1976-01-19
1854,1,2005,1971-10-25
1855,4,1451,2003-01-09
1856,7,789,1974-01-26
1857,10,2795,1979-03-05
1858,1,1928,1980-05-30
1859,8,2645,2005-11-18
1860,7,3243,2010-08-06
1861,8,3737,2023-01-03
1862,9,1358,1999-03-15
1863,7,2124,1975-08-30
1864,5,2080,2006-11-06
1865,9,183,1982-07-15
1866,4,647,2005-01-16
1867,3,2914,2020-07-20
1868,6,3952,1998-02-24
1869,4,2349,2007-09-21
1870,10,95,2021-02-19
1871,2,2259,1970-05-22
1872,1,886,2006-09-04
1873,4,2814,1984-09-25
1874,8,149,2013-06-25
1875,4,3750,2023-03-24
1876,8,4020,1993-09-04
1877,3,4513,1978-05-23
1878,7,490,2001-01-26
1879,10,4448,1998-02-01
1880,6,3179,2012-09-26
1881,7,1808,2005-01-16
1882,6,4585,1991-02-02
1883,7,3048,2010-01-17
1884,1,1127,2019-11-02
1885,2,4020,1980-09-18
1886,1,2252,1995-07-07
1887,4,2888,2000-12-01
1888,7,1941,1986-10-11
1889,2,4651,2000-01-12
1890,4,1251,2018-04-10
1891,3,2836,1978-04-07
1892,5,726,1981-06-06
1893,2,4260,2018-05-17
1894,5,1152,2009-09-14
1895,7,1019,1998-09-23
1896,7,2329,1976-01-03
1897,10,2819,1990-05-28
1898,1,1923,1990-08-10
1899,7,1266,1987-03-04
1900,8,2773,2020-08-01
1901,5,4465,1988-11-19
1902,7,1954,2022-12-25
1903,3,4318,1989-03-07
1904,9,1083,2005-06-07
1905,9,93,2014-05-08
1906,4,3598,2019-09-27
1907,9,775,1971-06-30
1908,1,1608,1984-10-15
1909,2,4389,2011-09-23
1910,1,4080,2012-02-11
1911,5,1169,1978-03-08
1912,1,4761,1988-03-22
1913,2,3171,2008-03-11
1914,6,1117,1972-07-26
1915,8,4384,1978-06-25
1916,3,35,1999-08-21
1917,3,3355,2013-03-27
1918,8,1386,1982-06-17
1919,1,924,2022-09-02
1920,4,930,2015-12-29
1921,6,4231,1990-11-14
1922,3,2434,1977-01-24
1923,3,3680,1989-06-18
1924,2,2305,2002-03-22
1925,7,857,2010-08-29
1926,6,4066,1986-04-05
1927,2,3297,1997-03-31
1928,9,3609,2006-03-16
1929,3,1953,2004-06-28
1930,6,3328,1976-03-10
1931,4,3201,2006-04-04
1932,4,1481,2009-03-11
1933,10,3090,1999-08-01
1934,8,2890,2011-07-01
1935,4,2106,1977-03-02
1936,9,3579,2020-11-15
1937,3,4805,1996-12-09
1938,2,1033,1997-11-27
1939,10,1511,1989-11-20
1940,9,1524,2004-11-20
1941,9,400,1991-06-05
1942,8,4202,1975-05-16
1943,9,3918,2023-05-09
1944,1,2005,1979-07-28
1945,8,343,2018-03-17
1946,5,1711,1972-08-03
1947,8,4709,1970-09-22
1948,2,2336,2000-05-19
1949,4,206,1977-09-29
1950,5,4972,2003-04-16
1951,3,649,1975-03-24
1952,3,673,1991-11-27
1953,8,4079,1982-07-04
1954,7,2802,2003-10-29
1955,3,1020,1983-01-19
1956,10,3090,2002-04-26
1957,10,4181,2010-01-17
1958,9,4659,1998-05-09
1959,7,147,1989-03-01
1960,5,4705,1997-08-24
1961,1,2590,1973-12-25
1962,2,1605,1974-05-14
1963,7,4590,2020-09-22
1964,6,3224,1985-07-09
1965,10,4039,1995-06-11
1966,8,3284,1995-05-14
1967,7,3522,1989-10-02
1968,6,1433,1974-04-22
1969,1,4264,2010-11-07
1970,2,1286,2013-04-26
1971,6,1060,1978-08-31
1972,1,807,2003-06-30
1973,8,4699,1993-11-04
1974,5,1943,1986-12-03
1975,1,309,2005-06-25
1976,9,4642,2012-11-11
1977,2,1783,1983-11-07
1978,4,2514,2007-08-29
1979,7,217,2017-10-04
1980,4,4116,2004-12-24
1981,3,2252,1988-01-07
1982,7,1758,1994-05-06
1983,6,4306,1987-12-31
1984,2,3189,2014-09-19
1985,6,934,1993-10-03
1986,8,1521,1987-12-11
1987,9,4151,1994-06-12
1988,6,4905,1990-09-03
1989,9,3344,2001-06-17
1990,10,3362,2017-04-07
1991,6,1283,1983-10-09
1992,1,1709,1999-05-23
1993,4,2381,2022-02-10
1994,6,1788,1976-12-30
1995,2,899,1970-10-01
1996,3,1070,2023-03-07
1997,10,2133,1971-07-25
1998,4,624,2007-07-21
1999,1,3242,1987-11-28
2000,1,4909,2003-12-28
